,DaysBooking,HotelStar,NoOfPerson,Season,Breakfast,WiFi,AC/NON AC,Price,Age,Booked
0,2,3,1,LOW,NO,YES,AC,2000,20,YES
1,3,5,4,HIGH,YES,NO,AC,3000,40,NO
2,4,2,2,MEDIUM,NO,YES,NON AC,4000,30,YES
3,2,3,2,HIGH,YES,NO,AC,3000,20,NO
4,2,5,2,MEDIUM,YES,YES,AC,4000,20,YES
5,4,3,4,LOW,YES,YES,AC,4000,40,YES
6,3,3,1,LOW,YES,YES,NON AC,2000,20,YES
7,4,5,2,MEDIUM,NO,YES,AC,3000,20,YES
8,2,2,2,HIGH,NO,YES,AC,5000,30,NO
9,4,2,2,HIGH,YES,YES,NON AC,5000,20,NO
10,3,2,3,LOW,YES,YES,AC,3000,30,YES
11,3,3,1,LOW,NO,YES,AC,4000,40,YES
12,3,5,2,MEDIUM,NO,YES,AC,4000,20,YES
13,2,3,2,HIGH,NO,YES,AC,3000,30,NO
14,3,3,1,MEDIUM,YES,YES,AC,2000,50,YES
15,3,5,2,HIGH,YES,YES,AC,4000,40,YES
16,1,2,1,LOW,NO,YES,AC,3000,20,NO
17,3,3,2,MEDIUM,YES,NO,AC,3000,30,NO
18,4,3,1,LOW,YES,YES,AC,3000,20,YES
19,2,4,2,MEDIUM,YES,YES,AC,4000,30,YES
20,5,3,4,MEDIUM,YES,NO,AC,4000,40,NO
21,2,3,1,LOW,NO,NO,NON AC,2000,20,YES
22,3,5,2,HIGH,YES,YES,AC,6000,30,NO
23,3,4,4,MEDIUM,YES,YES,AC,4000,40,YES
24,4,2,2,LOW,NO,YES,AC,2000,20,YES
25,2,5,1,MEDIUM,NO,YES,AC,4000,30,YES
26,3,3,2,HIGH,YES,NO,AC,5000,50,NO
27,3,4,1,MEDIUM,NO,NO,AC,2000,30,NO
28,2,5,1,LOW,YES,YES,AC,4000,50,YES
29,3,3,2,HIGH,YES,NO,NON AC,5000,60,YES
30,1,3,1,LOW,NO,YES,AC,3000,20,YES
31,2,4,2,MEDIUM,YES,YES,AC,5000,30,YES
32,2,5,4,HIGH,YES,YES,AC,5000,50,YES
33,1,2,1,LOW,NO,NO,NON AC,2000,20,YES
34,2,2,2,HIGH,YES,YES,AC,4000,30,YES
35,1,4,1,MEDIUM,YES,YES,AC,4000,50,NO
36,3,4,1,HIGH,NO,YES,AC,5000,30,YES
37,1,2,1,HIGH,NO,YES,NON AC,2000,20,YES
38,2,5,2,LOW,YES,NO,AC,6000,50,YES
39,3,3,2,MEDIUM,NO,YES,AC,4000,20,YES
40,2,3,1,MEDIUM,YES,YES,AC,3000,30,NO
41,2,4,2,HIGH,YES,YES,AC,5000,20,YES
42,3,5,2,HIGH,YES,YES,AC,5000,30,YES
43,4,2,4,HIGH,NO,NO,NON AC,4000,40,NO
44,3,2,1,LOW,NO,YES,AC,2000,20,YES
45,2,3,2,LOW,NO,YES,AC,3000,20,NO
46,5,3,4,HIGH,NO,NO,AC,5000,20,YES
47,4,4,4,HIGH,YES,NO,AC,5000,30,YES
48,4,5,2,HIGH,NO,YES,NON AC,2000,20,YES
49,3,4,4,HIGH,NO,NO,AC,5000,30,YES
50,3,2,4,MEDIUM,YES,NO,NON AC,4000,40,NO
51,3,3,4,HIGH,NO,YES,AC,6000,20,YES
52,2,4,3,LOW,YES,YES,NON AC,3000,30,YES
53,5,3,4,MEDIUM,YES,YES,AC,4000,30,NO
54,3,4,4,HIGH,NO,YES,AC,5000,20,YES
55,2,5,3,MEDIUM,YES,YES,AC,6000,30,NO
56,1,3,2,LOW,NO,YES,AC,2000,20,YES
57,3,5,2,MEDIUM,NO,YES,AC,4000,20,YES
58,4,4,3,LOW,YES,YES,AC,4000,30,YES
59,5,4,4,LOW,NO,NO,AC,3000,40,YES
60,3,3,2,LOW,YES,NO,AC,3000,30,NO
61,4,5,1,MEDIUM,NO,YES,AC,5000,30,YES
62,5,4,2,HIGH,YES,YES,NON AC,4000,20,YES
63,4,3,3,MEDIUM,NO,YES,AC,3000,30,YES
64,3,4,2,MEDIUM,YES,YES,AC,4000,20,YES
65,2,3,1,LOW,YES,YES,AC,3000,20,YES
66,3,3,4,HIGH,YES,YES,AC,4000,20,YES
67,4,3,2,MEDIUM,YES,YES,AC,4000,30,YES
68,5,3,4,HIGH,YES,YES,AC,3000,40,YES
69,3,2,1,LOW,NO,YES,NON AC,1000,20,YES
70,5,4,2,HIGH,YES,YES,AC,3000,30,YES
71,4,5,2,MEDIUM,YES,NO,AC,4000,50,NO
72,1,3,2,MEDIUM,YES,YES,YES,2000,20,NO
73,2,4,1,LOW,NO,YES,NO,2000,20,YES
74,4,3,2,HIGH,YES,YES,YES,4000,20,YES
75,3,3,1,MEDIUM,NO,YES,AC,2000,20,YES
76,3,4,2,LOW,NO,YES,AC,3000,20,NO
77,2,4,4,HIGH,YES,YES,AC,4000,30,YES
78,4,5,2,LOW,YES,YES,AC,4000,20,YES
79,2,3,4,MEDIUM,YES,YES,AC,3000,20,YES
80,1,2,1,HIGH,YES,YES,AC,4000,30,NO
81,4,4,5,HIGH,YES,YES,AC,5000,20,YES
82,3,3,3,MEDIUM,YES,YES,AC,3000,30,NO
83,2,3,2,LOW,YES,YES,AC,2000,20,YES
84,3,4,2,MEDIUM,YES,YES,AC,4000,20,YES
85,1,2,1,HIGH,YES,YES,AC,4000,20,NO
86,4,4,5,LOW,YES,YES,AC,3000,30,YES
87,2,3,2,MEDIUM,YES,YES,AC,3000,20,YES
88,4,5,5,LOW,YES,YES,AC,4000,20,YES
89,1,2,1,HIGH,YES,YES,AC,3000,30,NO
90,1,3,1,MEDIUM,YES,YES,AC,4000,20,YES
91,1,5,2,HIGH,YES,YES,AC,4000,20,NO
92,2,4,1,MEDIUM,YES,NO,AC,3000,20,YES
93,5,3,2,HIGH,NO,NO,AC,5000,20,YES
94,3,4,2,HIGH,YES,YES,AC,5000,30,YES
95,2,5,2,HIGH,YES,NO,AC,4000,40,NO
96,3,5,3,HIGH,YES,YES,AC,5000,20,YES
97,3,3,2,MEDIUM,YES,NO,AC,4000,30,YES
98,3,3,4,MEDIUM,YES,YES,AC,5000,50,NO
99,4,4,2,HIGH,YES,YES,AC,5000,40,YES
100,2,2,1,MEDIUM,NO,YES,NON AC,2000,20,YES
101,3,3,3,MEDIUM,YES,YES,AC,4000,30,NO
102,1,2,1,LOW,NO,YES,NON AC,1000,20,YES
103,2,5,2,HIGH,YES,NO,AC,5000,50,YES
104,4,3,3,MEDIUM,YES,YES,AC,3000,30,YES
105,2,4,4,LOW,NO,YES,AC,5000,40,NO
106,4,3,2,HIGH,YES,NO,NON AC,3000,20,YES
107,3,4,3,MEDIUM,YES,YES,AC,4000,30,YES
108,3,3,2,MEDIUM,YES,NO,AC,4000,30,YES
109,2,4,1,LOW,YES,YES,AC,2000,20,NO
110,4,5,2,HIGH,YES,NO,AC,3000,50,NO
111,2,3,2,HIGH,YES,NO,AC,3000,20,NO
112,3,5,2,MEDIUM,NO,YES,AC,4000,30,NO
113,1,4,1,LOW,YES,NO,AC,3000,50,YES
114,2,4,2,LOW,NO,NO,AC,2000,40,NO
115,1,3,1,MEDIUM,NO,YES,AC,3000,30,NO
116,2,3,2,HIGH,YES,YES,AC,4000,30,YES
117,2,3,2,HIGH,NO,YES,NON AC,3000,20,YES
118,4,2,4,MEDIUM,YES,NO,AC,5000,30,NO
119,3,4,3,MEDIUM,YES,NO,AC,3000,40,YES
120,2,4,2,HIGH,YES,YES,AC,5000,20,YES
121,1,2,1,HIGH,NO,NO,NON AC,3000,30,NO
122,4,1,1,LOW,NO,YES,AC,3000,40,YES
123,1,3,1,LOW,NO,YES,NON AC,2000,20,YES
124,3,4,2,MEDIUM,YES,YES,AC,3000,30,YES
125,4,4,4,HIGH,YES,NO,AC,3000,40,YES
126,1,3,1,MEDIUM,NO,YES,NON AC,2000,20,YES
127,2,4,2,HIGH,NO,YES,AC,3000,30,NO
128,4,4,4,HIGH,YES,NO,AC,4000,40,YES
129,1,4,2,MEDIUM,NO,YES,AC,4000,20,YES
130,3,1,3,LOW,YES,YES,NON AC,3000,40,NO
131,2,3,4,HIGH,NO,NO,AC,4000,20,YES
132,2,4,2,LOW,YES,YES,AC,4000,20,YES
133,4,3,5,HIGH,NO,NO,AC,1000,40,YES
134,2,3,3,MEDIUM,YES,YES,AC,3000,20,NO
135,2,4,4,HIGH,YES,YES,AC,4000,30,YES
136,4,5,2,LOW,YES,YES,AC,4000,20,NO
137,2,3,2,LOW,NO,YES,AC,3000,20,NO
138,4,3,1,HIGH,YES,NO,AC,4000,40,YES
139,2,5,2,LOW,YES,NO,NON AC,3000,30,NO
140,1,4,4,LOW,NO,YES,NON AC,2000,20,YES
141,3,3,2,MEDIUM,YES,NO,AC,4000,35,YES
142,1,4,2,MEDIUM,YES,YES,AC,5000,50,YES
143,1,2,2,LOW,NO,YES,NON AC,1500,22,YES
144,2,3,2,MEDIUM,YES,YES,AC,4000,29,YES
145,5,4,3,HIGH,YES,YES,AC,9000,45,YES
146,2,4,2,LOW,NO,NO,AC,3000,37,NO
147,3,3,1,MEDIUM,NO,YES,AC,3000,30,NO
148,3,4,2,LOW,YES,YES,AC,3500,35,YES
149,2,4,3,MEDIUM,NO,YES,NON AC,4000,40,NO
150,1,5,4,MEDIUM,NO,YES,AC,5000,32,YES
151,4,3,3,HIGH,YES,NO,AC,1500,37,YES
152,2,3,1,LOW,NO,YES,AC,2000,20,YES
153,3,5,4,HIGH,YES,NO,AC,3000,40,YES
154,4,2,2,MEDIUM,NO,YES,NON AC,4000,30,YES
155,2,3,2,HIGH,YES,NO,AC,3000,20,NO
156,2,5,2,MEDIUM,YES,YES,AC,4000,20,NO
157,4,3,4,LOW,YES,YES,AC,4000,40,YES
158,3,3,1,LOW,YES,YES,NON AC,2000,20,YES
159,4,5,2,MEDIUM,NO,YES,AC,3000,20,YES
160,2,2,2,HIGH,NO,YES,AC,5000,30,NO
161,4,2,2,HIGH,YES,YES,NON AC,5000,20,YES
162,3,2,3,LOW,YES,YES,AC,3000,30,YES
163,3,3,1,LOW,NO,YES,AC,4000,40,YES
164,3,5,2,MEDIUM,NO,YES,AC,4000,20,YES
165,2,3,2,HIGH,NO,YES,AC,3000,30,NO
166,3,3,1,MEDIUM,YES,YES,AC,2000,50,NO
167,3,5,2,HIGH,YES,YES,AC,4000,40,YES
168,1,2,1,LOW,NO,YES,AC,3000,20,NO
169,3,3,2,MEDIUM,YES,NO,AC,3000,30,YES
170,4,3,1,LOW,YES,YES,AC,3000,20,NO
171,2,4,2,MEDIUM,YES,YES,AC,4000,30,YES
172,5,3,4,MEDIUM,YES,NO,AC,4000,40,NO
173,2,3,1,LOW,NO,NO,NON AC,2000,20,YES
174,3,5,2,HIGH,YES,YES,AC,6000,30,NO
175,3,4,4,MEDIUM,YES,YES,AC,4000,40,YES
176,4,2,2,LOW,NO,YES,AC,2000,20,NO
177,2,5,1,MEDIUM,NO,YES,AC,4000,30,YES
178,3,3,2,HIGH,YES,NO,AC,5000,50,NO
179,3,4,1,MEDIUM,NO,NO,AC,2000,30,YES
180,2,5,1,LOW,YES,YES,AC,4000,50,YES
181,3,3,2,HIGH,YES,NO,NON AC,5000,60,YES
182,1,3,1,LOW,NO,YES,AC,3000,20,YES
183,2,4,2,MEDIUM,YES,YES,AC,5000,30,YES
184,2,5,4,HIGH,YES,YES,AC,5000,50,YES
185,1,2,1,LOW,NO,NO,NON AC,2000,20,NO
186,2,2,2,HIGH,YES,YES,AC,4000,30,YES
187,1,4,1,MEDIUM,YES,YES,AC,4000,50,NO
188,3,4,1,HIGH,NO,YES,AC,5000,30,YES
189,1,2,1,HIGH,NO,YES,NON AC,2000,20,YES
190,2,5,2,LOW,YES,NO,AC,6000,50,YES
191,3,3,2,MEDIUM,NO,YES,AC,4000,20,YES
192,2,3,1,MEDIUM,YES,YES,AC,3000,30,NO
193,2,4,2,HIGH,YES,YES,AC,5000,20,YES
194,3,5,2,HIGH,YES,YES,AC,5000,30,YES
195,4,2,4,HIGH,NO,NO,NON AC,4000,40,YES
196,3,2,1,LOW,NO,YES,AC,2000,20,YES
197,2,3,2,LOW,NO,YES,AC,3000,20,NO
198,5,3,4,HIGH,NO,NO,AC,5000,20,YES
199,4,4,4,HIGH,YES,NO,AC,5000,30,YES
200,4,5,2,HIGH,NO,YES,NON AC,2000,20,NO
201,3,4,4,HIGH,NO,NO,AC,5000,30,YES
202,2,3,1,LOW,NO,YES,AC,2000,20,NO
203,3,5,4,HIGH,YES,NO,AC,3000,40,YES
204,4,2,2,MEDIUM,NO,YES,NON AC,4000,30,YES
205,2,3,2,HIGH,YES,NO,AC,3000,20,NO
206,2,5,2,MEDIUM,YES,YES,AC,4000,20,YES
207,4,3,4,LOW,YES,YES,AC,4000,40,YES
208,3,3,1,LOW,YES,YES,NON AC,2000,20,YES
209,4,5,2,MEDIUM,NO,YES,AC,3000,20,NO
210,2,2,2,HIGH,NO,YES,AC,5000,30,NO
211,4,2,2,HIGH,YES,YES,NON AC,5000,20,YES
212,3,2,3,LOW,YES,YES,AC,3000,30,YES
213,3,3,1,LOW,NO,YES,AC,4000,40,YES
214,3,5,2,MEDIUM,NO,YES,AC,4000,20,YES
215,2,3,2,HIGH,NO,YES,AC,3000,30,NO
216,3,3,1,MEDIUM,YES,YES,AC,2000,50,NO
217,3,5,2,HIGH,YES,YES,AC,4000,40,YES
218,1,2,1,LOW,NO,YES,AC,3000,20,NO
219,3,3,2,MEDIUM,YES,NO,AC,3000,30,NO
220,4,3,1,LOW,YES,YES,AC,3000,20,YES
221,2,4,2,MEDIUM,YES,YES,AC,4000,30,YES
222,5,3,4,MEDIUM,YES,NO,AC,4000,40,NO
223,2,3,1,LOW,NO,NO,NON AC,2000,20,YES
224,3,5,2,HIGH,YES,YES,AC,6000,30,NO
225,3,4,4,MEDIUM,YES,YES,AC,4000,40,YES
226,4,2,2,LOW,NO,YES,AC,2000,20,NO
227,2,5,1,MEDIUM,NO,YES,AC,4000,30,YES
228,3,3,2,HIGH,YES,NO,AC,5000,50,YES
229,3,4,1,MEDIUM,NO,NO,AC,2000,30,YES
230,2,5,1,LOW,YES,YES,AC,4000,50,NO
231,3,3,2,HIGH,YES,NO,NON AC,5000,60,YES
232,1,3,1,LOW,NO,YES,AC,3000,20,YES
233,2,4,2,MEDIUM,YES,YES,AC,5000,30,YES
234,2,5,4,HIGH,YES,YES,AC,5000,50,YES
235,1,2,1,LOW,NO,NO,NON AC,2000,20,NO
236,2,2,2,HIGH,YES,YES,AC,4000,30,NO
237,1,4,1,MEDIUM,YES,YES,AC,4000,50,NO
238,3,4,1,HIGH,NO,YES,AC,5000,30,YES
239,1,2,1,HIGH,NO,YES,NON AC,2000,20,YES
240,2,5,2,LOW,YES,NO,AC,6000,50,YES
241,3,3,2,MEDIUM,NO,YES,AC,4000,20,YES
242,2,3,1,MEDIUM,YES,YES,AC,3000,30,NO
243,2,4,2,HIGH,YES,YES,AC,5000,20,YES
244,3,5,2,HIGH,YES,YES,AC,5000,30,YES
245,4,2,4,HIGH,NO,NO,NON AC,4000,40,YES
246,3,2,1,LOW,NO,YES,AC,2000,20,YES
247,2,3,2,LOW,NO,YES,AC,3000,20,NO
248,5,3,4,HIGH,NO,NO,AC,5000,20,YES
249,4,4,4,HIGH,YES,NO,AC,5000,30,YES
250,4,5,2,HIGH,NO,YES,NON AC,2000,20,NO
251,3,4,4,HIGH,NO,NO,AC,5000,30,YES
252,3,2,1,LOW,NO,YES,AC,2000,20,NO
253,1,5,2,HIGH,YES,YES,AC,4000,20,YES
254,2,4,1,MEDIUM,YES,NO,AC,3000,20,NO
255,5,3,2,HIGH,NO,NO,AC,5000,20,NO
256,3,4,2,HIGH,YES,YES,AC,5000,30,YES
257,3,3,1,LOW,NO,YES,AC,4000,40,NO
258,3,5,2,MEDIUM,NO,YES,AC,4000,20,NO
259,2,3,2,HIGH,NO,YES,AC,3000,30,YES
260,3,3,1,MEDIUM,YES,YES,AC,2000,50,NO
261,3,5,2,HIGH,YES,YES,AC,4000,40,NO
262,1,2,1,LOW,NO,YES,AC,3000,20,YES
263,3,3,2,MEDIUM,YES,NO,AC,3000,30,YES
264,2,3,2,HIGH,NO,YES,AC,4000,20,YES
265,3,3,3,LOW,NO,YES,AC,5000,30,YES
266,4,4,4,MEDIUM,NO,YES,NON AC,5000,40,NO
267,3,5,2,LOW,NO,NO,AC,3000,20,YES
268,1,3,2,MEDIUM,YES,NO,AC,4000,30,NO
269,2,4,2,LOW,NO,YES,AC,3000,30,NO
270,3,5,2,HIGH,YES,NO,AC,4000,40,NO
271,4,5,2,MEDIUM,NO,YES,NON AC,5000,40,YES
272,1,2,1,MEDIUM,NO,YES,AC,3000,20,NO
273,2,3,2,LOW,YES,NO,AC,4000,20,YES
274,1,2,1,HIGH,NO,YES,AC,5000,20,NO
275,3,3,1,LOW,NO,YES,AC,3000,20,YES
276,2,5,4,HIGH,NO,NO,AC,3000,40,NO
277,3,2,2,MEDIUM,YES,YES,NON AC,3000,30,YES
278,3,3,2,HIGH,NO,NO,NON AC,3000,20,NO
279,2,5,2,MEDIUM,YES,YES,AC,4000,20,NO
280,3,3,4,LOW,NO,YES,AC,4000,40,YES
281,4,3,1,LOW,YES,NO,NON AC,2000,20,NO
282,2,5,2,MEDIUM,YES,YES,AC,3000,20,YES
283,3,2,2,HIGH,NO,YES,AC,5000,30,NO
284,5,2,2,HIGH,YES,NO,NON AC,5000,20,YES
285,4,2,3,LOW,NO,YES,AC,3000,30,YES
286,4,3,1,LOW,NO,NO,AC,4000,40,NO
287,2,5,2,MEDIUM,YES,YES,AC,4000,20,NO
288,3,3,2,HIGH,NO,YES,AC,3000,30,YES
289,2,3,1,MEDIUM,YES,YES,NON AC,2000,50,NO
290,4,5,2,HIGH,NO,YES,AC,4000,40,YES
291,3,2,1,LOW,YES,YES,AC,3000,20,NO
292,2,3,2,MEDIUM,NO,NO,NON AC,3000,30,YES
293,3,3,1,LOW,YES,YES,AC,3000,20,NO
294,3,4,2,MEDIUM,NO,NO,AC,4000,30,YES
295,4,3,4,MEDIUM,YES,NO,NON AC,4000,40,YES
296,3,3,1,LOW,YES,NO,NON AC,2000,20,YES
297,2,5,2,HIGH,YES,NO,AC,6000,30,YES
298,4,4,4,MEDIUM,NO,YES,NON AC,4000,40,YES
299,3,2,3,LOW,NO,NO,AC,2000,20,NO
300,1,5,1,MEDIUM,YES,YES,AC,4000,30,YES
301,4,3,4,HIGH,NO,YES,NON AC,5000,50,YES
302,3,4,1,MEDIUM,YES,YES,AC,2000,30,YES
303,4,5,1,LOW,YES,NO,NON AC,4000,50,NO
304,3,3,4,HIGH,YES,YES,NON AC,5000,60,NO
305,2,3,1,LOW,NO,YES,AC,3000,20,YES
306,1,4,2,MEDIUM,NO,NO,NON AC,5000,30,YES
307,3,5,4,HIGH,YES,YES,AC,5000,50,NO
308,2,2,1,LOW,YES,NO,NON AC,2000,20,YES
309,3,2,2,HIGH,YES,YES,AC,4000,30,NO
310,2,4,1,MEDIUM,NO,YES,NON AC,6000,50,YES
311,4,4,1,HIGH,YES,YES,AC,4000,30,YES
312,2,2,1,HIGH,NO,YES,NON AC,2000,20,NO
313,3,5,2,LOW,YES,NO,AC,6000,50,YES
314,4,3,2,MEDIUM,YES,YES,AC,4000,20,NO
315,3,3,1,MEDIUM,NO,YES,AC,2000,30,YES
316,3,4,2,HIGH,YES,NO,AC,5000,20,NO
317,1,5,2,HIGH,NO,YES,AC,4000,30,YES
318,2,2,4,HIGH,YES,NO,NON AC,4000,40,NO
319,3,2,1,LOW,NO,NO,AC,2000,20,NO
320,2,3,2,LOW,NO,YES,AC,3000,20,YES
321,4,3,4,HIGH,NO,NO,AC,5000,20,YES
322,3,4,4,HIGH,NO,YES,AC,5000,30,NO
323,1,5,2,HIGH,YES,YES,NON AC,2000,20,YES
324,2,4,4,HIGH,YES,YES,AC,5000,30,NO
325,2,3,1,LOW,NO,YES,AC,2000,20,NO
326,3,5,4,HIGH,YES,NO,AC,3000,40,NO
327,4,2,2,MEDIUM,NO,YES,NON AC,4000,30,NO
328,2,3,2,HIGH,YES,NO,AC,3000,20,NO
329,2,5,2,MEDIUM,YES,YES,AC,4000,20,NO
330,4,3,4,LOW,YES,YES,AC,4000,40,YES
331,3,3,1,LOW,YES,YES,NON AC,2000,20,NO
332,4,5,2,MEDIUM,NO,YES,AC,3000,20,YES
333,2,2,2,HIGH,NO,YES,AC,5000,30,YES
334,4,2,2,HIGH,YES,YES,NON AC,5000,20,NO
335,3,2,3,LOW,YES,YES,AC,3000,30,NO
336,3,3,1,LOW,NO,YES,AC,4000,40,YES
337,3,5,2,MEDIUM,NO,YES,AC,4000,20,NO
338,2,3,2,HIGH,NO,YES,AC,3000,30,NO
339,3,3,1,MEDIUM,YES,YES,AC,2000,50,NO
340,3,5,2,HIGH,YES,YES,AC,4000,40,YES
341,1,2,1,LOW,NO,YES,AC,3000,20,YES
342,3,3,2,MEDIUM,YES,NO,AC,3000,30,NO
343,4,3,1,LOW,YES,YES,AC,3000,20,NO
344,2,4,2,MEDIUM,YES,YES,AC,4000,30,YES
345,5,3,4,MEDIUM,YES,NO,AC,4000,40,YES
346,2,3,1,LOW,NO,NO,NON AC,2000,20,YES
347,3,5,2,HIGH,YES,YES,AC,6000,30,YES
348,3,4,4,MEDIUM,YES,YES,AC,4000,40,YES
349,4,2,2,LOW,NO,YES,AC,2000,20,NO
350,2,5,1,MEDIUM,NO,YES,AC,4000,30,YES
351,3,3,2,HIGH,YES,NO,AC,5000,50,YES
352,3,4,1,MEDIUM,NO,NO,AC,2000,30,NO
353,2,5,1,LOW,YES,YES,AC,4000,50,NO
354,3,3,2,HIGH,YES,NO,NON AC,5000,60,YES
355,1,3,1,LOW,NO,YES,AC,3000,20,NO
356,2,4,2,MEDIUM,YES,YES,AC,5000,30,YES
357,2,5,4,HIGH,YES,YES,AC,5000,50,NO
358,1,2,1,LOW,NO,NO,NON AC,2000,20,YES
359,2,2,2,HIGH,YES,YES,AC,4000,30,NO
360,1,4,1,MEDIUM,YES,YES,AC,4000,50,NO
361,3,4,1,HIGH,NO,YES,AC,5000,30,NO
362,1,2,1,HIGH,NO,YES,NON AC,2000,20,YES
363,2,5,2,LOW,YES,NO,AC,6000,50,NO
364,3,3,2,MEDIUM,NO,YES,AC,4000,20,YES
365,2,3,1,MEDIUM,YES,YES,AC,3000,30,YES
366,2,4,2,HIGH,YES,YES,AC,5000,20,YES
367,3,5,2,HIGH,YES,YES,AC,5000,30,NO
368,4,2,4,HIGH,NO,NO,NON AC,4000,40,NO
369,3,2,1,LOW,NO,YES,AC,2000,20,NO
370,2,3,2,LOW,NO,YES,AC,3000,20,NO
371,5,3,4,HIGH,NO,NO,AC,5000,20,NO
372,4,4,4,HIGH,YES,NO,AC,5000,30,YES
373,4,5,2,HIGH,NO,YES,NON AC,2000,20,NO
374,3,4,4,HIGH,NO,NO,AC,5000,30,YES
375,3,2,4,MEDIUM,YES,NO,NON AC,4000,40,YES
376,3,3,4,HIGH,NO,YES,AC,6000,20,YES
377,2,4,3,LOW,YES,YES,NON AC,3000,30,NO
378,5,3,4,MEDIUM,YES,YES,AC,4000,30,NO
379,3,4,4,HIGH,NO,YES,AC,5000,20,NO
380,2,5,3,MEDIUM,YES,YES,AC,6000,30,NO
381,1,3,2,LOW,NO,YES,AC,2000,20,NO
382,3,5,2,MEDIUM,NO,YES,AC,4000,20,YES
383,4,4,3,LOW,YES,YES,AC,4000,30,NO
384,5,4,4,LOW,NO,NO,AC,3000,40,YES
385,3,3,2,LOW,YES,NO,AC,3000,30,YES
386,4,5,1,MEDIUM,NO,YES,AC,5000,30,YES
387,5,4,2,HIGH,YES,YES,NON AC,4000,20,NO
388,4,3,3,MEDIUM,NO,YES,AC,3000,30,YES
389,3,4,2,MEDIUM,YES,YES,AC,4000,20,NO
390,2,3,1,LOW,YES,YES,AC,3000,20,YES
391,3,3,4,HIGH,YES,YES,AC,4000,20,NO
392,4,3,2,MEDIUM,YES,YES,AC,4000,30,YES
393,5,3,4,HIGH,YES,YES,AC,3000,40,NO
394,3,2,1,LOW,NO,YES,NON AC,1000,20,YES
395,5,4,2,HIGH,YES,YES,AC,3000,30,YES
396,4,5,2,MEDIUM,YES,NO,AC,4000,50,YES
397,1,3,2,MEDIUM,YES,YES,YES,2000,20,NO
398,2,4,1,LOW,NO,YES,NO,2000,20,NO
399,4,3,2,HIGH,YES,YES,YES,4000,20,YES
400,3,3,1,MEDIUM,NO,YES,AC,2000,20,NO
401,3,4,2,LOW,NO,YES,AC,3000,20,NO
402,2,4,4,HIGH,YES,YES,AC,4000,30,NO
403,4,5,2,LOW,YES,YES,AC,4000,20,YES
404,2,3,4,MEDIUM,YES,YES,AC,3000,20,NO
405,1,2,1,HIGH,YES,YES,AC,4000,30,NO
406,4,4,5,HIGH,YES,YES,AC,5000,20,NO
407,3,3,3,MEDIUM,YES,YES,AC,3000,30,NO
408,2,3,2,LOW,YES,YES,AC,2000,20,NO
409,3,4,2,MEDIUM,YES,YES,AC,4000,20,YES
410,1,2,1,HIGH,YES,YES,AC,4000,20,YES
411,4,4,5,LOW,YES,YES,AC,3000,30,YES
412,2,3,2,MEDIUM,YES,YES,AC,3000,20,NO
413,4,5,5,LOW,YES,YES,AC,4000,20,YES
414,1,2,1,HIGH,YES,YES,AC,3000,30,YES
415,1,3,1,MEDIUM,YES,YES,AC,4000,20,YES
416,1,5,2,HIGH,YES,YES,AC,4000,20,YES
417,2,4,1,MEDIUM,YES,NO,AC,3000,20,YES
418,5,3,2,HIGH,NO,NO,AC,5000,20,NO
419,3,4,2,HIGH,YES,YES,AC,5000,30,YES
420,2,5,2,HIGH,YES,NO,AC,4000,40,YES
421,3,5,3,HIGH,YES,YES,AC,5000,20,YES
422,3,3,2,MEDIUM,YES,NO,AC,4000,30,NO
423,3,3,4,MEDIUM,YES,YES,AC,5000,50,NO
424,4,4,2,HIGH,YES,YES,AC,5000,40,NO
425,2,2,1,MEDIUM,NO,YES,NON AC,2000,20,NO
426,3,3,3,MEDIUM,YES,YES,AC,4000,30,NO
427,1,2,1,LOW,NO,YES,NON AC,1000,20,NO
428,2,5,2,HIGH,YES,NO,AC,5000,50,YES
429,4,3,3,MEDIUM,YES,YES,AC,3000,30,NO
430,2,4,4,LOW,NO,YES,AC,5000,40,NO
431,4,3,2,HIGH,YES,NO,NON AC,3000,20,NO
432,3,4,3,MEDIUM,YES,YES,AC,4000,30,YES
433,3,3,2,MEDIUM,YES,NO,AC,4000,30,NO
434,2,4,1,LOW,YES,YES,AC,2000,20,NO
435,4,5,2,HIGH,YES,NO,AC,3000,50,YES
436,2,3,2,HIGH,YES,NO,AC,3000,20,NO
437,3,5,2,MEDIUM,NO,YES,AC,4000,30,YES
438,1,4,1,LOW,YES,NO,AC,3000,50,YES
439,2,4,2,LOW,NO,NO,AC,2000,40,YES
440,1,3,1,MEDIUM,NO,YES,AC,3000,30,NO
441,2,3,2,HIGH,YES,YES,AC,4000,30,NO
442,2,3,2,HIGH,NO,YES,NON AC,3000,20,YES
443,4,2,4,MEDIUM,YES,NO,AC,5000,30,YES
444,3,4,3,MEDIUM,YES,NO,AC,3000,40,YES
445,2,4,2,HIGH,YES,YES,AC,5000,20,NO
446,1,2,1,HIGH,NO,NO,NON AC,3000,30,NO
447,4,1,1,LOW,NO,YES,AC,3000,40,NO
448,1,3,1,LOW,NO,YES,NON AC,2000,20,YES
449,3,4,2,MEDIUM,YES,YES,AC,3000,30,NO
450,4,4,4,HIGH,YES,NO,AC,3000,40,YES
451,1,3,1,MEDIUM,NO,YES,NON AC,2000,20,NO
452,2,4,2,HIGH,NO,YES,AC,3000,30,NO
453,4,4,4,HIGH,YES,NO,AC,4000,40,NO
454,1,4,2,MEDIUM,NO,YES,AC,4000,20,YES
455,3,1,3,LOW,YES,YES,NON AC,3000,40,YES
456,2,3,4,HIGH,NO,NO,AC,4000,20,YES
457,2,4,2,LOW,YES,YES,AC,4000,20,NO
458,4,3,5,HIGH,NO,NO,AC,1000,40,YES
459,2,3,3,MEDIUM,YES,YES,AC,3000,20,YES
460,2,4,4,HIGH,YES,YES,AC,4000,30,YES
461,4,5,2,LOW,YES,YES,AC,4000,20,YES
462,2,3,2,LOW,NO,YES,AC,3000,20,NO
463,4,3,1,HIGH,YES,NO,AC,4000,40,NO
464,2,5,2,LOW,YES,NO,NON AC,3000,30,NO
465,1,4,4,LOW,NO,YES,NON AC,2000,20,NO
466,3,3,2,MEDIUM,YES,NO,AC,4000,35,YES
467,1,4,2,MEDIUM,YES,YES,AC,5000,50,NO
468,1,2,2,LOW,NO,YES,NON AC,1500,22,YES
469,2,3,2,MEDIUM,YES,YES,AC,4000,29,NO
470,5,4,3,HIGH,YES,YES,AC,9000,45,YES
471,2,4,2,LOW,NO,NO,AC,3000,37,YES
472,3,3,1,MEDIUM,NO,YES,AC,3000,30,NO
473,3,4,2,LOW,YES,YES,AC,3500,35,NO
474,2,3,2,HIGH,NO,YES,AC,4000,40,YES
475,3,3,1,HIGH,YES,YES,AC,4000,30,YES
476,3,3,2,HIGH,NO,NO,AC,3000,30,YES
477,2,2,3,LOW,NO,NO,AC,2000,25,NO
478,2,3,1,LOW,NO,YES,AC,2000,20,NO
479,3,5,4,HIGH,YES,NO,AC,3000,40,YES
480,4,2,2,MEDIUM,NO,YES,NON AC,4000,30,NO
481,2,3,2,HIGH,YES,NO,AC,3000,20,NO
482,2,5,2,MEDIUM,YES,YES,AC,4000,20,NO
483,4,3,4,LOW,YES,YES,AC,4000,40,YES
484,3,3,1,LOW,YES,YES,NON AC,2000,20,YES
485,4,5,2,MEDIUM,NO,YES,AC,3000,20,YES
486,2,2,2,HIGH,NO,YES,AC,5000,30,NO
487,4,2,2,HIGH,YES,YES,NON AC,5000,20,NO
488,3,2,3,LOW,YES,YES,AC,3000,30,YES
489,3,3,1,LOW,NO,YES,AC,4000,40,NO
490,3,5,2,MEDIUM,NO,YES,AC,4000,20,YES
491,2,3,2,HIGH,NO,YES,AC,3000,30,YES
492,3,3,1,MEDIUM,YES,YES,AC,2000,50,YES
493,3,5,2,HIGH,YES,YES,AC,4000,40,YES
494,1,2,1,LOW,NO,YES,AC,3000,20,NO
495,3,3,2,MEDIUM,YES,NO,AC,3000,30,YES
496,4,3,1,LOW,YES,YES,AC,3000,20,NO
497,2,4,2,MEDIUM,YES,YES,AC,4000,30,YES
498,5,3,4,MEDIUM,YES,NO,AC,4000,40,YES
499,2,3,1,LOW,NO,NO,NON AC,2000,20,NO
500,3,5,2,HIGH,YES,YES,AC,6000,30,YES
501,3,4,4,MEDIUM,YES,YES,AC,4000,40,YES
502,4,2,2,LOW,NO,YES,AC,2000,20,YES
503,2,5,1,MEDIUM,NO,YES,AC,4000,30,NO
504,3,3,2,HIGH,YES,NO,AC,5000,50,NO
505,3,4,1,MEDIUM,NO,NO,AC,2000,30,YES
506,2,5,1,LOW,YES,YES,AC,4000,50,YES
507,3,3,2,HIGH,YES,NO,NON AC,5000,60,NO
508,1,3,1,LOW,NO,YES,AC,3000,20,NO
509,2,4,2,MEDIUM,YES,YES,AC,5000,30,YES
510,2,5,4,HIGH,YES,YES,AC,5000,50,YES
511,1,2,1,LOW,NO,NO,NON AC,2000,20,NO
512,2,2,2,HIGH,YES,YES,AC,4000,30,NO
513,1,4,1,MEDIUM,YES,YES,AC,4000,50,NO
514,3,4,1,HIGH,NO,YES,AC,5000,30,YES
515,1,2,1,HIGH,NO,YES,NON AC,2000,20,NO
516,2,5,2,LOW,YES,NO,AC,6000,50,NO
517,3,3,2,MEDIUM,NO,YES,AC,4000,20,YES
518,2,3,1,MEDIUM,YES,YES,AC,3000,30,YES
519,2,4,2,HIGH,YES,YES,AC,5000,20,YES
520,3,5,2,HIGH,YES,YES,AC,5000,30,YES
521,4,2,4,HIGH,NO,NO,NON AC,4000,40,YES
522,3,2,1,LOW,NO,YES,AC,2000,20,YES
523,2,3,2,LOW,NO,YES,AC,3000,20,NO
524,5,3,4,HIGH,NO,NO,AC,5000,20,YES
525,4,4,4,HIGH,YES,NO,AC,5000,30,YES
526,4,5,2,HIGH,NO,YES,NON AC,2000,20,YES
527,3,4,4,HIGH,NO,NO,AC,5000,30,YES
528,3,2,4,MEDIUM,YES,NO,NON AC,4000,40,NO
529,3,3,4,HIGH,NO,YES,AC,6000,20,YES
530,2,4,3,LOW,YES,YES,NON AC,3000,30,NO
531,5,3,4,MEDIUM,YES,YES,AC,4000,30,YES
532,3,4,4,HIGH,NO,YES,AC,5000,20,YES
533,2,5,3,MEDIUM,YES,YES,AC,6000,30,YES
534,1,3,2,LOW,NO,YES,AC,2000,20,YES
535,3,5,2,MEDIUM,NO,YES,AC,4000,20,YES
536,4,4,3,LOW,YES,YES,AC,4000,30,YES
537,5,4,4,LOW,NO,NO,AC,3000,40,YES
538,3,3,2,LOW,YES,NO,AC,3000,30,YES
539,4,5,1,MEDIUM,NO,YES,AC,5000,30,NO
540,5,4,2,HIGH,YES,YES,NON AC,4000,20,NO
541,4,3,3,MEDIUM,NO,YES,AC,3000,30,YES
542,3,4,2,MEDIUM,YES,YES,AC,4000,20,NO
543,2,3,1,LOW,YES,YES,AC,3000,20,NO
544,3,3,4,HIGH,YES,YES,AC,4000,20,YES
545,4,3,2,MEDIUM,YES,YES,AC,4000,30,YES
546,5,3,4,HIGH,YES,YES,AC,3000,40,YES
547,3,2,1,LOW,NO,YES,NON AC,1000,20,YES
548,5,4,2,HIGH,YES,YES,AC,3000,30,YES
549,4,5,2,MEDIUM,YES,NO,AC,4000,50,YES
550,1,3,2,MEDIUM,YES,YES,NON AC,2000,20,NO
551,2,4,1,LOW,NO,YES,NON AC,2000,20,YES
552,4,3,2,HIGH,YES,YES,AC,4000,20,YES
553,3,3,1,MEDIUM,NO,YES,AC,2000,20,YES
554,3,4,2,LOW,NO,YES,AC,3000,20,YES
555,2,4,4,HIGH,YES,YES,AC,4000,30,YES
556,4,5,2,LOW,YES,YES,AC,4000,20,YES
557,2,3,4,MEDIUM,YES,YES,AC,3000,20,YES
558,1,2,1,HIGH,YES,YES,AC,4000,30,NO
559,4,4,5,HIGH,YES,YES,AC,5000,20,YES
560,3,3,3,MEDIUM,YES,YES,AC,3000,30,YES
561,2,3,2,LOW,YES,YES,AC,2000,20,NO
562,3,4,2,MEDIUM,YES,YES,AC,4000,20,NO
563,1,2,1,HIGH,YES,YES,AC,4000,20,NO
564,4,4,5,LOW,YES,YES,AC,3000,30,YES
565,2,3,2,MEDIUM,YES,YES,AC,3000,20,NO
566,4,5,5,LOW,YES,YES,AC,4000,20,YES
567,1,2,1,HIGH,YES,YES,AC,3000,30,NO
568,1,3,1,MEDIUM,YES,YES,AC,4000,20,NO
569,1,5,2,HIGH,YES,YES,AC,4000,20,NO
570,2,4,1,MEDIUM,YES,NO,AC,3000,20,YES
571,5,3,2,HIGH,NO,NO,AC,5000,20,NO
572,3,4,2,HIGH,YES,YES,AC,5000,30,YES
573,2,5,2,HIGH,YES,NO,AC,4000,40,YES
574,3,5,3,HIGH,YES,YES,AC,5000,20,YES
575,3,3,2,MEDIUM,YES,NO,AC,4000,30,NO
576,3,3,4,MEDIUM,YES,YES,AC,5000,50,YES
577,4,4,2,HIGH,YES,YES,AC,5000,40,YES
578,2,2,1,MEDIUM,NO,YES,NON AC,2000,20,NO
579,3,3,3,MEDIUM,YES,YES,AC,4000,30,YES
580,1,2,1,LOW,NO,YES,NON AC,1000,20,NO
581,2,5,2,HIGH,YES,NO,AC,5000,50,YES
582,4,3,3,MEDIUM,YES,YES,AC,3000,30,YES
583,2,4,4,LOW,NO,YES,AC,5000,40,YES
584,4,3,2,HIGH,YES,NO,NON AC,3000,20,NO
585,3,4,3,MEDIUM,YES,YES,AC,4000,30,YES
586,3,3,2,MEDIUM,YES,NO,AC,4000,30,NO
587,2,4,1,LOW,YES,YES,AC,2000,20,YES
588,4,5,2,HIGH,YES,NO,AC,3000,50,YES
589,2,3,2,HIGH,YES,NO,AC,3000,20,YES
590,3,5,2,MEDIUM,NO,YES,AC,4000,30,YES
591,1,4,1,LOW,YES,NO,AC,3000,50,NO
592,2,4,2,LOW,NO,NO,AC,2000,40,NO
593,1,3,1,MEDIUM,NO,YES,AC,3000,30,NO
594,2,3,2,HIGH,YES,YES,AC,4000,30,YES
595,2,3,2,HIGH,NO,YES,NON AC,3000,20,NO
596,4,2,4,MEDIUM,YES,NO,AC,5000,30,YES
597,3,4,3,MEDIUM,YES,NO,AC,3000,40,YES
598,2,4,2,HIGH,YES,YES,AC,5000,20,NO
599,1,2,1,HIGH,NO,NO,NON AC,3000,30,NO
600,4,2,1,LOW,NO,YES,AC,3000,40,YES
601,1,3,1,LOW,NO,YES,NON AC,2000,20,NO
602,3,4,2,MEDIUM,YES,YES,AC,3000,30,YES
603,4,4,4,HIGH,YES,NO,AC,3000,40,YES
604,1,3,1,MEDIUM,NO,YES,NON AC,2000,20,NO
605,2,4,2,HIGH,NO,YES,AC,3000,30,YES
606,4,4,4,HIGH,YES,NO,AC,4000,40,YES
607,1,4,2,MEDIUM,NO,YES,AC,4000,20,NO
608,3,2,3,LOW,YES,YES,NON AC,3000,40,NO
609,2,3,4,HIGH,NO,NO,AC,4000,20,YES
610,2,4,2,LOW,YES,YES,AC,4000,20,YES
611,4,3,5,HIGH,NO,NO,AC,1000,40,YES
612,2,3,3,MEDIUM,YES,YES,AC,3000,20,NO
613,2,4,4,HIGH,YES,YES,AC,4000,30,YES
614,4,5,2,LOW,YES,YES,AC,4000,20,YES
615,2,3,2,LOW,NO,YES,AC,3000,20,NO
616,4,3,1,HIGH,YES,NO,AC,4000,40,YES
617,2,5,2,LOW,YES,NO,NON AC,3000,30,YES
618,1,4,4,LOW,NO,YES,NON AC,2000,20,NO
619,2,4,2,HIGH,YES,YES,AC,5000,20,YES
620,3,5,2,HIGH,YES,YES,AC,5000,30,YES
621,4,2,4,HIGH,NO,NO,NON AC,4000,40,NO
622,3,2,1,LOW,NO,YES,AC,2000,20,NO
623,2,3,2,LOW,NO,YES,AC,3000,20,NO
624,5,3,4,HIGH,NO,NO,AC,5000,20,NO
625,4,4,4,HIGH,YES,NO,AC,5000,30,YES
626,4,5,2,HIGH,NO,YES,NON AC,2000,20,NO
627,3,4,4,HIGH,NO,NO,AC,5000,30,YES
628,3,2,4,MEDIUM,YES,NO,NON AC,4000,40,YES
629,3,3,4,HIGH,NO,YES,AC,6000,20,NO
630,2,4,3,LOW,YES,YES,NON AC,3000,30,YES
631,5,3,4,MEDIUM,YES,YES,AC,4000,30,YES
632,3,4,4,HIGH,NO,YES,AC,5000,20,YES
633,2,5,3,MEDIUM,YES,YES,AC,6000,30,NO
634,1,3,2,LOW,NO,YES,AC,2000,20,NO
635,3,5,2,MEDIUM,NO,YES,AC,4000,20,YES
636,4,4,3,LOW,YES,YES,AC,4000,30,NO
637,5,4,4,LOW,NO,NO,AC,3000,40,NO
638,3,3,2,LOW,YES,NO,AC,3000,30,NO
639,4,5,1,MEDIUM,NO,YES,AC,5000,30,YES
640,5,4,2,HIGH,YES,YES,NON AC,4000,20,NO
641,4,3,3,MEDIUM,NO,YES,AC,3000,30,YES
642,3,4,2,MEDIUM,YES,YES,AC,4000,20,YES
643,2,3,1,LOW,YES,YES,AC,3000,20,NO
644,3,3,4,HIGH,YES,YES,AC,4000,20,YES
645,4,3,2,MEDIUM,YES,YES,AC,4000,30,NO
646,5,3,4,HIGH,YES,YES,AC,3000,40,YES
647,3,2,1,LOW,NO,YES,NON AC,1000,20,YES
648,5,4,2,HIGH,YES,YES,AC,3000,30,YES
649,4,5,2,MEDIUM,YES,NO,AC,4000,50,NO
650,1,3,2,MEDIUM,YES,YES,AC,2000,20,NO
651,2,4,1,LOW,NO,YES,NON AC,2000,20,YES
652,4,3,2,HIGH,YES,YES,AC,4000,20,NO
653,3,3,1,MEDIUM,NO,YES,AC,2000,20,NO
654,3,4,2,LOW,NO,YES,AC,3000,20,YES
655,2,4,4,HIGH,YES,YES,AC,4000,30,YES
656,4,5,2,LOW,YES,YES,AC,4000,20,YES
657,2,3,4,MEDIUM,YES,YES,AC,3000,20,NO
658,1,2,1,HIGH,YES,YES,AC,4000,30,YES
659,4,4,5,HIGH,YES,YES,AC,5000,20,NO
660,3,3,3,MEDIUM,YES,YES,AC,3000,30,NO
661,2,3,2,LOW,YES,YES,AC,2000,20,YES
662,3,4,2,MEDIUM,YES,YES,AC,4000,20,YES
663,1,2,1,HIGH,YES,YES,AC,4000,20,NO
664,4,4,5,LOW,YES,YES,AC,3000,30,NO
665,2,3,2,MEDIUM,YES,YES,AC,3000,20,YES
666,4,5,5,LOW,YES,YES,AC,4000,20,NO
667,1,2,1,HIGH,YES,YES,AC,3000,30,YES
668,1,3,1,MEDIUM,YES,YES,AC,4000,20,YES
669,1,5,2,HIGH,YES,YES,AC,4000,20,NO
670,3,5,2,LOW,YES,YES,AC,4000,20,YES
671,4,4,3,HIGH,YES,YES,AC,3000,30,YES
672,4,3,4,MEDIUM,YES,YES,AC,300,40,YES
673,3,3,3,HIGH,YES,YES,AC,3000,20,YES
674,2,3,5,MEDIUM,YES,YES,AC,3000,30,NO
675,2,3,3,LOW,YES,NO,AC,3000,40,NO
676,1,3,3,LOW,YES,YES,AC,3000,30,NO
677,4,4,4,MEDIUM,YES,YES,AC,4000,40,YES
678,3,4,4,HIGH,YES,NO,NON AC,4000,20,YES
679,2,3,4,HIGH,YES,NO,NON AC,2000,40,NO
680,1,3,4,LOW,YES,YES,AC,1000,30,NO
681,3,3,1,LOW,YES,YES,AC,3000,40,YES
682,4,4,2,MEDIUM,YES,NO,NON AC,5000,30,NO
683,1,3,3,HIGH,YES,YES,AC,2000,20,YES
684,2,2,2,MEDIUM,YES,NO,AC,1000,20,NO
685,1,3,3,HIGH,YES,YES,AC,3000,40,NO
686,3,3,3,LOW,YES,YES,AC,3000,30,YES
687,2,2,4,MEDIUM,YES,YES,AC,2000,30,NO
688,3,5,2,MEDIUM,YES,YES,AC,4000,20,NO
689,4,4,2,HIGH,YES,NO,NON AC,3000,40,YES
690,5,2,1,MEDIUM,YES,NO,NON AC,3000,20,YES
691,4,4,2,HIGH,YES,YES,AC,4000,30,NO
692,3,3,1,LOW,YES,YES,AC,3000,40,YES
693,2,5,2,MEDIUM,YES,NO,NON AC,2000,40,YES
694,3,2,1,LOW,YES,YES,AC,3000,30,NO
695,4,3,2,MEDIUM,YES,NO,AC,4000,20,YES
696,5,5,4,MEDIUM,YES,YES,AC,2000,20,NO
697,3,5,1,LOW,YES,YES,AC,1000,30,YES
698,5,4,2,HIGH,YES,YES,AC,2000,40,YES
699,4,3,4,MEDIUM,YES,YES,AC,3000,30,NO
700,1,3,2,LOW,YES,YES,AC,5000,30,NO
701,2,3,1,MEDIUM,YES,NO,NON AC,4000,20,YES
702,4,3,2,HIGH,YES,NO,NON AC,3000,30,YES
703,3,3,1,MEDIUM,YES,YES,AC,2000,40,NO
704,3,4,1,LOW,YES,YES,AC,3000,30,NO
705,2,4,2,HIGH,YES,NO,NON AC,2000,20,NO
706,4,3,1,LOW,YES,YES,AC,4000,40,NO
707,2,3,2,MEDIUM,YES,NO,AC,2000,20,YES
708,1,5,4,HIGH,YES,YES,AC,3000,40,NO
709,4,2,2,MEDIUM,YES,YES,AC,4000,30,NO
710,2,3,2,HIGH,YES,YES,AC,3000,20,YES
711,2,5,2,MEDIUM,YES,YES,AC,4000,20,NO
712,4,3,4,LOW,YES,YES,AC,4000,40,NO
713,3,3,1,LOW,YES,YES,NON AC,2000,20,NO
714,4,5,2,MEDIUM,NO,YES,AC,3000,20,YES
715,2,2,2,HIGH,NO,YES,AC,5000,30,YES
716,4,2,2,HIGH,YES,YES,NON AC,5000,20,NO
717,3,2,3,LOW,YES,YES,AC,3000,30,YES
718,3,3,1,LOW,NO,YES,AC,4000,40,YES
719,3,5,2,MEDIUM,NO,YES,AC,4000,20,NO
720,2,3,2,HIGH,NO,YES,AC,3000,30,YES
721,3,3,1,MEDIUM,YES,YES,AC,2000,50,YES
722,3,5,2,HIGH,YES,YES,AC,4000,40,NO
723,1,2,1,LOW,NO,YES,AC,3000,20,NO
724,3,3,2,MEDIUM,YES,NO,AC,3000,30,NO
725,4,3,1,LOW,YES,YES,AC,3000,20,NO
726,2,4,2,MEDIUM,YES,YES,AC,4000,30,YES
727,5,3,4,MEDIUM,YES,NO,AC,4000,40,YES
728,2,3,1,LOW,NO,NO,NON AC,2000,20,YES
729,3,5,2,HIGH,YES,YES,AC,6000,30,NO
730,3,4,4,MEDIUM,YES,YES,AC,4000,40,NO
731,4,2,2,LOW,NO,YES,AC,2000,20,YES
732,2,5,1,MEDIUM,NO,YES,AC,4000,30,YES
733,3,3,2,HIGH,YES,NO,AC,5000,50,NO
734,3,4,1,MEDIUM,NO,NO,AC,2000,30,YES
735,2,5,1,LOW,YES,YES,AC,4000,50,YES
736,3,3,2,HIGH,YES,NO,NON AC,5000,60,NO
737,1,3,1,LOW,NO,YES,AC,3000,20,NO
738,2,4,2,MEDIUM,YES,YES,AC,5000,30,NO
739,2,5,4,HIGH,YES,YES,AC,5000,50,YES
740,1,2,1,LOW,NO,NO,NON AC,2000,20,YES
741,2,2,2,HIGH,YES,YES,AC,4000,30,NO
742,1,4,1,MEDIUM,YES,YES,AC,4000,50,NO
743,3,4,1,HIGH,NO,YES,AC,5000,30,NO
744,1,2,1,HIGH,NO,YES,NON AC,2000,20,NO
745,2,5,2,LOW,YES,NO,AC,6000,50,NO
746,3,3,2,MEDIUM,NO,YES,AC,4000,20,NO
747,2,3,1,MEDIUM,YES,YES,AC,3000,30,YES
748,2,4,2,HIGH,YES,YES,AC,5000,20,NO
749,3,5,2,HIGH,YES,YES,AC,5000,30,NO
750,4,2,4,HIGH,NO,NO,NON AC,4000,40,YES
751,3,2,1,LOW,NO,YES,AC,2000,20,YES
752,2,3,2,LOW,NO,YES,AC,3000,20,NO
753,5,3,4,HIGH,NO,NO,AC,5000,20,NO
754,4,4,4,HIGH,YES,NO,AC,5000,30,YES
755,4,5,2,HIGH,NO,YES,NON AC,2000,20,NO
756,3,4,4,HIGH,NO,NO,AC,5000,30,NO
757,3,2,4,MEDIUM,YES,NO,NON AC,4000,40,YES
758,3,3,4,HIGH,NO,YES,AC,6000,20,NO
759,2,4,3,LOW,YES,YES,NON AC,3000,30,NO
760,5,3,4,MEDIUM,YES,YES,AC,4000,30,NO
761,3,4,4,HIGH,NO,YES,AC,5000,20,NO
762,2,5,3,MEDIUM,YES,YES,AC,6000,30,NO
763,1,3,2,LOW,NO,YES,AC,2000,20,YES
764,3,5,2,MEDIUM,NO,YES,AC,4000,20,NO
765,4,4,3,LOW,YES,YES,AC,4000,30,YES
766,5,4,4,LOW,NO,NO,AC,3000,40,NO
767,3,3,2,LOW,YES,NO,AC,3000,30,YES
768,4,5,1,MEDIUM,NO,YES,AC,5000,30,YES
769,5,4,2,HIGH,YES,YES,NON AC,4000,20,YES
770,4,3,3,MEDIUM,NO,YES,AC,3000,30,YES
771,3,4,2,MEDIUM,YES,YES,AC,4000,20,NO
772,2,3,1,LOW,YES,YES,AC,3000,20,NO
773,3,3,4,HIGH,YES,YES,AC,4000,20,NO
774,4,3,2,MEDIUM,YES,YES,AC,4000,30,YES
775,5,3,4,HIGH,YES,YES,AC,3000,40,NO
776,3,2,1,LOW,NO,YES,NON AC,1000,20,YES
777,5,4,2,HIGH,YES,YES,AC,3000,30,NO
778,4,5,2,MEDIUM,YES,NO,AC,4000,50,YES
779,1,3,2,MEDIUM,YES,YES,AC,2000,20,YES
780,2,4,1,LOW,NO,YES,NON AC,2000,20,YES
781,4,3,2,HIGH,YES,YES,AC,4000,20,NO
782,3,3,1,MEDIUM,NO,YES,AC,2000,20,YES
783,3,4,2,LOW,NO,YES,AC,3000,20,NO
784,2,4,4,HIGH,YES,YES,AC,4000,30,YES
785,4,5,2,LOW,YES,YES,AC,4000,20,NO
786,2,3,4,MEDIUM,YES,YES,AC,3000,20,NO
787,1,2,1,HIGH,YES,YES,AC,4000,30,YES
788,4,4,5,HIGH,YES,YES,AC,5000,20,NO
789,3,3,3,MEDIUM,YES,YES,AC,3000,30,NO
790,2,3,2,LOW,YES,YES,AC,2000,20,YES
791,3,4,2,MEDIUM,YES,YES,AC,4000,20,NO
792,1,2,1,HIGH,YES,YES,AC,4000,20,NO
793,4,4,5,LOW,YES,YES,AC,3000,30,YES
794,2,3,2,MEDIUM,YES,YES,AC,3000,20,NO
795,4,5,5,LOW,YES,YES,AC,4000,20,YES
796,1,2,1,HIGH,YES,YES,AC,3000,30,YES
797,1,3,1,MEDIUM,YES,YES,AC,4000,20,YES
798,1,5,2,HIGH,YES,YES,AC,4000,20,YES
799,2,4,1,MEDIUM,YES,NO,AC,3000,20,NO
800,5,3,2,HIGH,NO,NO,AC,5000,20,NO
801,3,4,2,HIGH,YES,YES,AC,5000,30,NO
802,2,5,2,HIGH,YES,NO,AC,4000,40,NO
803,3,5,3,HIGH,YES,YES,AC,5000,20,NO
804,3,3,2,MEDIUM,YES,NO,AC,4000,30,YES
805,3,3,4,MEDIUM,YES,YES,AC,5000,50,YES
806,4,4,2,HIGH,YES,YES,AC,5000,40,NO
807,2,2,1,MEDIUM,NO,YES,NON AC,2000,20,YES
808,3,3,3,MEDIUM,YES,YES,AC,4000,30,YES
809,1,2,1,LOW,NO,YES,NON AC,1000,20,YES
810,2,5,2,HIGH,YES,NO,AC,5000,50,NO
811,4,3,3,MEDIUM,YES,YES,AC,3000,30,NO
812,2,4,4,LOW,NO,YES,AC,5000,40,YES
813,4,3,2,HIGH,YES,NO,NON AC,3000,20,NO
814,3,4,3,MEDIUM,YES,YES,AC,4000,30,NO
815,3,3,2,MEDIUM,YES,NO,AC,4000,30,NO
816,2,4,1,LOW,YES,YES,AC,2000,20,YES
817,4,5,2,HIGH,YES,NO,AC,3000,50,YES
818,2,3,2,HIGH,YES,NO,AC,3000,20,YES
819,3,5,2,MEDIUM,NO,YES,AC,4000,30,YES
820,1,4,1,LOW,YES,NO,AC,3000,50,NO
821,2,4,2,LOW,NO,NO,AC,2000,40,YES
822,1,3,1,MEDIUM,NO,YES,AC,3000,30,NO
823,2,3,2,HIGH,YES,YES,AC,4000,30,YES
824,2,3,2,HIGH,NO,YES,NON AC,3000,20,NO
825,4,2,4,MEDIUM,YES,NO,AC,5000,30,YES
826,3,4,3,MEDIUM,YES,NO,AC,3000,40,YES
827,2,4,2,HIGH,YES,YES,AC,5000,20,NO
828,1,2,1,HIGH,NO,NO,NON AC,3000,30,NO
829,4,1,1,LOW,NO,YES,AC,3000,40,NO
830,1,3,1,LOW,NO,YES,NON AC,2000,20,NO
831,3,4,2,MEDIUM,YES,YES,AC,3000,30,YES
832,4,4,4,HIGH,YES,NO,AC,3000,40,YES
833,1,3,1,MEDIUM,NO,YES,NON AC,2000,20,NO
834,2,4,2,HIGH,NO,YES,AC,3000,30,YES
835,4,4,4,HIGH,YES,NO,AC,4000,40,NO
836,1,4,2,MEDIUM,NO,YES,AC,4000,20,YES
837,3,1,3,LOW,YES,YES,NON AC,3000,40,NO
838,2,3,4,HIGH,NO,NO,AC,4000,20,NO
839,2,4,2,LOW,YES,YES,AC,4000,20,NO
840,4,3,5,HIGH,NO,NO,AC,1000,40,YES
841,2,3,3,MEDIUM,YES,YES,AC,3000,20,YES
842,2,4,4,HIGH,YES,YES,AC,4000,30,NO
843,4,5,2,LOW,YES,YES,AC,4000,20,NO
844,2,3,2,LOW,NO,YES,AC,3000,20,NO
845,4,3,1,HIGH,YES,NO,AC,4000,40,YES
846,2,5,2,LOW,YES,NO,NON AC,3000,30,YES
847,1,4,4,LOW,NO,YES,NON AC,2000,20,NO
848,2,3,1,LOW,NO,YES,AC,2000,20,NO
849,3,5,4,HIGH,YES,NO,AC,3000,40,YES
850,4,2,2,MEDIUM,NO,YES,NON AC,4000,30,NO
851,2,3,2,HIGH,YES,NO,AC,3000,20,NO
852,2,5,2,MEDIUM,YES,YES,AC,4000,20,NO
853,4,3,4,LOW,YES,YES,AC,4000,40,NO
854,3,3,1,LOW,YES,YES,NON AC,2000,20,YES
855,4,5,2,MEDIUM,NO,YES,AC,3000,20,YES
856,2,2,2,HIGH,NO,YES,AC,5000,30,NO
857,4,2,2,HIGH,YES,YES,NON AC,5000,20,YES
858,3,2,3,LOW,YES,YES,AC,3000,30,YES
859,3,3,1,LOW,NO,YES,AC,4000,40,YES
860,3,5,2,MEDIUM,NO,YES,AC,4000,20,YES
861,2,3,2,HIGH,NO,YES,AC,3000,30,YES
862,3,3,1,MEDIUM,YES,YES,AC,2000,50,NO
863,3,5,2,HIGH,YES,YES,AC,4000,40,YES
864,1,2,1,LOW,NO,YES,AC,3000,20,YES
865,3,3,2,MEDIUM,YES,NO,AC,3000,30,YES
866,4,3,1,LOW,YES,YES,AC,3000,20,NO
867,2,4,2,MEDIUM,YES,YES,AC,4000,30,YES
868,5,3,4,MEDIUM,YES,NO,AC,4000,40,YES
869,2,3,1,LOW,NO,NO,NON AC,2000,20,YES
870,3,5,2,HIGH,YES,YES,AC,6000,30,YES
871,3,4,4,MEDIUM,YES,YES,AC,4000,40,YES
872,4,2,2,LOW,NO,YES,AC,2000,20,YES
873,2,5,1,MEDIUM,NO,YES,AC,4000,30,YES
874,3,3,2,HIGH,YES,NO,AC,5000,50,YES
875,3,4,1,MEDIUM,NO,NO,AC,2000,30,YES
876,2,5,1,LOW,YES,YES,AC,4000,50,YES
877,3,3,2,HIGH,YES,NO,NON AC,5000,60,YES
878,1,3,1,LOW,NO,YES,AC,3000,20,YES
879,2,4,2,MEDIUM,YES,YES,AC,5000,30,NO
880,2,5,4,HIGH,YES,YES,AC,5000,50,YES
881,1,2,1,LOW,NO,NO,NON AC,2000,20,NO
882,2,2,2,HIGH,YES,YES,AC,4000,30,YES
883,1,4,1,MEDIUM,YES,YES,AC,4000,50,YES
884,3,4,1,HIGH,NO,YES,AC,5000,30,YES
885,1,2,1,HIGH,NO,YES,NON AC,2000,20,YES
886,2,5,2,LOW,YES,NO,AC,6000,50,NO
887,3,3,2,MEDIUM,NO,YES,AC,4000,20,YES
888,2,3,1,MEDIUM,YES,YES,AC,3000,30,YES
889,2,4,2,HIGH,YES,YES,AC,5000,20,YES
890,3,5,2,HIGH,YES,YES,AC,5000,30,YES
891,4,2,4,HIGH,NO,NO,NON AC,4000,40,NO
892,3,2,1,LOW,NO,YES,AC,2000,20,YES
893,2,3,2,LOW,NO,YES,AC,3000,20,NO
894,5,3,4,HIGH,NO,NO,AC,5000,20,YES
895,4,4,4,HIGH,YES,NO,AC,5000,30,YES
896,4,5,2,HIGH,NO,YES,NON AC,2000,20,NO
897,3,4,4,HIGH,NO,NO,AC,5000,30,YES
898,3,2,4,MEDIUM,YES,NO,NON AC,4000,40,YES
899,3,3,4,HIGH,NO,YES,AC,6000,20,NO
900,2,4,3,LOW,YES,YES,NON AC,3000,30,NO
901,5,3,4,MEDIUM,YES,YES,AC,4000,30,YES
902,3,4,4,HIGH,NO,YES,AC,5000,20,YES
903,2,5,3,MEDIUM,YES,YES,AC,6000,30,YES
904,1,3,2,LOW,NO,YES,AC,2000,20,NO
905,3,5,2,MEDIUM,NO,YES,AC,4000,20,YES
906,4,4,3,LOW,YES,YES,AC,4000,30,NO
907,5,4,4,LOW,NO,NO,AC,3000,40,NO
908,3,3,2,LOW,YES,NO,AC,3000,30,NO
909,4,5,1,MEDIUM,NO,YES,AC,5000,30,YES
910,5,4,2,HIGH,YES,YES,NON AC,4000,20,YES
911,4,3,3,MEDIUM,NO,YES,AC,3000,30,YES
912,3,4,2,MEDIUM,YES,YES,AC,4000,20,YES
913,2,3,1,LOW,YES,YES,AC,3000,20,YES
914,3,3,4,HIGH,YES,YES,AC,4000,20,NO
915,4,3,2,MEDIUM,YES,YES,AC,4000,30,YES
916,5,3,4,HIGH,YES,YES,AC,3000,40,YES
917,3,2,1,LOW,NO,YES,NON AC,1000,20,YES
918,5,4,2,HIGH,YES,YES,AC,3000,30,YES
919,4,5,2,MEDIUM,YES,NO,AC,4000,50,NO
920,1,3,2,MEDIUM,YES,YES,YES,2000,20,NO
921,2,4,1,LOW,NO,YES,NO,2000,20,NO
922,4,3,2,HIGH,YES,YES,YES,4000,20,YES
923,3,3,1,MEDIUM,NO,YES,AC,2000,20,YES
924,3,4,2,LOW,NO,YES,AC,3000,20,YES
925,2,4,4,HIGH,YES,YES,AC,4000,30,NO
926,4,5,2,LOW,YES,YES,AC,4000,20,YES
927,2,3,4,MEDIUM,YES,YES,AC,3000,20,YES
928,1,2,1,HIGH,YES,YES,AC,4000,30,YES
929,4,4,5,HIGH,YES,YES,AC,5000,20,NO
930,3,3,3,MEDIUM,YES,YES,AC,3000,30,NO
931,2,3,2,LOW,YES,YES,AC,2000,20,YES
932,3,4,2,MEDIUM,YES,YES,AC,4000,20,YES
933,1,2,1,HIGH,YES,YES,AC,4000,20,YES
934,4,4,5,LOW,YES,YES,AC,3000,30,YES
935,2,3,2,MEDIUM,YES,YES,AC,3000,20,NO
936,4,5,5,LOW,YES,YES,AC,4000,20,NO
937,1,2,1,HIGH,YES,YES,AC,3000,30,YES
938,1,3,1,MEDIUM,YES,YES,AC,4000,20,YES
939,1,5,2,HIGH,YES,YES,AC,4000,20,YES
940,2,4,1,MEDIUM,YES,NO,AC,3000,20,YES
941,5,3,2,HIGH,NO,NO,AC,5000,20,YES
942,3,4,2,HIGH,YES,YES,AC,5000,30,YES
943,2,5,2,HIGH,YES,NO,AC,4000,40,YES
944,3,5,3,HIGH,YES,YES,AC,5000,20,YES
945,3,3,2,MEDIUM,YES,NO,AC,4000,30,YES
946,3,3,4,MEDIUM,YES,YES,AC,5000,50,YES
947,4,4,2,HIGH,YES,YES,AC,5000,40,NO
948,2,2,1,MEDIUM,NO,YES,NON AC,2000,20,YES
949,3,3,3,MEDIUM,YES,YES,AC,4000,30,YES
950,1,2,1,LOW,NO,YES,NON AC,1000,20,NO
951,2,5,2,HIGH,YES,NO,AC,5000,50,YES
952,4,3,3,MEDIUM,YES,YES,AC,3000,30,YES
953,2,4,4,LOW,NO,YES,AC,5000,40,YES
954,4,3,2,HIGH,YES,NO,NON AC,3000,20,YES
955,3,4,3,MEDIUM,YES,YES,AC,4000,30,YES
956,3,3,2,MEDIUM,YES,NO,AC,4000,30,YES
957,2,4,1,LOW,YES,YES,AC,2000,20,YES
958,4,5,2,HIGH,YES,NO,AC,3000,50,YES
959,2,3,2,HIGH,YES,NO,AC,3000,20,YES
960,3,5,2,MEDIUM,NO,YES,AC,4000,30,NO
961,1,4,1,LOW,YES,NO,AC,3000,50,NO
962,2,4,2,LOW,NO,NO,AC,2000,40,NO
963,1,3,1,MEDIUM,NO,YES,AC,3000,30,NO
964,2,3,2,HIGH,YES,YES,AC,4000,30,NO
965,2,3,2,HIGH,NO,YES,NON AC,3000,20,YES
966,4,2,4,MEDIUM,YES,NO,AC,5000,30,YES
967,3,4,3,MEDIUM,YES,NO,AC,3000,40,NO
968,2,4,2,HIGH,YES,YES,AC,5000,20,YES
969,1,2,1,HIGH,NO,NO,NON AC,3000,30,YES
970,4,1,1,LOW,NO,YES,AC,3000,40,YES
971,1,3,1,LOW,NO,YES,NON AC,2000,20,NO
972,3,4,2,MEDIUM,YES,YES,AC,3000,30,NO
973,4,4,4,HIGH,YES,NO,AC,3000,40,NO
974,1,3,1,MEDIUM,NO,YES,NON AC,2000,20,YES
975,2,4,2,HIGH,NO,YES,AC,3000,30,YES
976,4,4,4,HIGH,YES,NO,AC,4000,40,YES
977,1,4,2,MEDIUM,NO,YES,AC,4000,20,NO
978,3,1,3,LOW,YES,YES,NON AC,3000,40,YES
979,2,3,4,HIGH,NO,NO,AC,4000,20,NO
980,2,4,2,LOW,YES,YES,AC,4000,20,YES
981,4,3,5,HIGH,NO,NO,AC,1000,40,NO
982,2,3,3,MEDIUM,YES,YES,AC,3000,20,NO
983,2,4,4,HIGH,YES,YES,AC,4000,30,YES
984,4,5,2,LOW,YES,YES,AC,4000,20,YES
985,2,3,2,LOW,NO,YES,AC,3000,20,YES
986,4,3,1,HIGH,YES,NO,AC,4000,40,NO
987,2,5,2,LOW,YES,NO,NON AC,3000,30,YES
988,1,4,4,LOW,NO,YES,NON AC,2000,20,YES
989,2,3,1,LOW,NO,YES,AC,2000,20,YES
990,3,5,4,HIGH,YES,YES,AC,3000,40,NO
991,4,2,2,MEDIUM,NO,YES,NON AC,4000,30,YES
992,2,3,2,HIGH,YES,NO,AC,3000,20,NO
993,2,5,2,MEDIUM,YES,YES,AC,4000,20,YES
994,2,3,1,LOW,NO,YES,AC,2000,20,YES
995,3,5,4,HIGH,YES,NO,AC,3000,40,NO
996,4,2,2,MEDIUM,NO,YES,NON AC,4000,30,YES
997,2,3,2,HIGH,YES,NO,AC,3000,20,NO
998,2,5,2,MEDIUM,YES,YES,AC,4000,20,YES
999,4,3,4,LOW,YES,YES,AC,4000,40,YES
1000,3,3,1,LOW,YES,YES,NON AC,2000,20,YES
1001,4,5,2,MEDIUM,NO,YES,AC,3000,20,YES
1002,2,2,2,HIGH,NO,YES,AC,5000,30,NO
1003,4,2,2,HIGH,YES,YES,NON AC,5000,20,NO
1004,3,2,3,LOW,YES,YES,AC,3000,30,YES
1005,3,3,1,LOW,NO,YES,AC,4000,40,YES
1006,3,5,2,MEDIUM,NO,YES,AC,4000,20,YES
1007,2,3,2,HIGH,NO,YES,AC,3000,30,NO
1008,3,3,1,MEDIUM,YES,YES,AC,2000,50,YES
1009,3,5,2,HIGH,YES,YES,AC,4000,40,YES
1010,1,2,1,LOW,NO,YES,AC,3000,20,NO
1011,3,3,2,MEDIUM,YES,NO,AC,3000,30,NO
1012,4,3,1,LOW,YES,YES,AC,3000,20,YES
1013,2,4,2,MEDIUM,YES,YES,AC,4000,30,YES
1014,5,3,4,MEDIUM,YES,NO,AC,4000,40,NO
1015,2,3,1,LOW,NO,NO,NON AC,2000,20,YES
1016,3,5,2,HIGH,YES,YES,AC,6000,30,NO
1017,3,4,4,MEDIUM,YES,YES,AC,4000,40,YES
1018,4,2,2,LOW,NO,YES,AC,2000,20,YES
1019,2,5,1,MEDIUM,NO,YES,AC,4000,30,YES
1020,3,3,2,HIGH,YES,NO,AC,5000,50,NO
1021,3,4,1,MEDIUM,NO,NO,AC,2000,30,NO
1022,2,5,1,LOW,YES,YES,AC,4000,50,NO
1023,3,3,2,LOW,YES,NO,NON AC,5000,60,NO
1024,1,3,1,LOW,NO,YES,AC,3000,20,NO
1025,2,4,2,LOW,YES,YES,AC,5000,30,NO
1026,2,5,4,LOW,YES,YES,AC,5000,50,NO
1027,1,2,1,LOW,NO,NO,NON AC,2000,20,YES
1028,2,2,2,HIGH,YES,YES,AC,4000,30,NO
1029,1,4,1,MEDIUM,YES,YES,AC,4000,50,NO
1030,3,4,1,HIGH,NO,YES,AC,5000,30,YES
1031,1,2,1,HIGH,NO,YES,NON AC,2000,20,YES
1032,2,5,2,LOW,YES,NO,AC,6000,50,YES
1033,3,3,2,MEDIUM,NO,YES,AC,4000,20,YES
1034,2,3,1,MEDIUM,YES,YES,AC,3000,30,NO
1035,2,4,2,HIGH,YES,YES,AC,5000,20,YES
1036,3,5,2,HIGH,YES,YES,AC,5000,30,YES
1037,4,2,4,HIGH,NO,NO,NON AC,4000,40,NO
1038,3,2,1,LOW,NO,YES,AC,2000,20,YES
1039,2,3,2,LOW,NO,YES,AC,3000,20,NO
1040,5,3,4,HIGH,NO,NO,AC,5000,20,YES
1041,4,4,4,HIGH,YES,NO,AC,5000,30,YES
1042,4,5,2,HIGH,NO,YES,NON AC,2000,20,YES
1043,3,4,4,HIGH,NO,NO,AC,5000,30,YES
1044,3,2,4,MEDIUM,YES,NO,NON AC,4000,40,NO
1045,3,3,4,HIGH,NO,YES,AC,6000,20,YES
1046,2,4,3,LOW,YES,YES,NON AC,3000,30,YES
1047,5,3,4,MEDIUM,YES,YES,AC,4000,30,NO
1048,3,4,4,HIGH,NO,YES,AC,5000,20,YES
1049,2,5,3,MEDIUM,YES,YES,AC,6000,30,NO
1050,1,3,2,LOW,NO,YES,AC,2000,20,YES
1051,3,5,2,MEDIUM,NO,YES,AC,4000,20,YES
1052,4,4,3,LOW,YES,YES,AC,4000,30,YES
1053,5,4,4,LOW,NO,NO,AC,3000,40,YES
1054,3,3,2,LOW,YES,NO,AC,3000,30,NO
1055,4,5,1,MEDIUM,NO,YES,AC,5000,30,YES
1056,5,4,2,HIGH,YES,YES,NON AC,4000,20,YES
1057,4,3,3,MEDIUM,NO,YES,AC,3000,30,YES
1058,3,4,2,MEDIUM,NO,YES,AC,4000,20,YES
1059,2,3,1,LOW,NO,YES,AC,3000,20,YES
1060,3,3,4,High,NO,YES,AC,4000,20,YES
1061,4,3,2,MEDIUM,YES,YES,AC,4000,30,YES
1062,5,3,4,HIGH,YES,YES,AC,3000,40,YES
1063,3,2,1,LOW,NO,YES,NON AC,1000,20,YES
1064,5,4,2,HIGH,YES,YES,AC,3000,30,YES
1065,4,5,2,MEDIUM,YES,NO,AC,4000,50,NO
1066,1,3,2,MEDIUM,YES,YES,AC,2000,20,NO
1067,2,4,1,LOW,YES,YES,AC,2000,20,YES
1068,4,3,2,HIGH,YES,YES,AC,4000,20,YES
1069,3,3,1,MEDIUM,YES,YES,AC,2000,20,YES
1070,3,4,2,LOW,YES,YES,AC,3000,20,NO
1071,2,4,4,HIGH,YES,YES,NON AC,4000,30,YES
1072,4,5,2,LOW,YES,YES,AC,4000,20,YES
1073,2,3,4,MEDIUM,YES,YES,AC,3000,20,YES
1074,1,2,1,HIGH,YES,YES,AC,4000,30,NO
1075,4,4,5,HIGH,YES,YES,AC,5000,20,YES
1076,3,3,3,HIGH,YES,YES,NON AC,3000,30,NO
1077,2,3,2,HIGH,YES,YES,AC,2000,20,YES
1078,3,4,2,HIGH,YES,YES,AC,4000,20,YES
1079,1,2,1,HIGH,YES,YES,AC,4000,20,NO
1080,4,4,5,LOW,YES,YES,AC,3000,30,YES
1081,2,3,2,MEDIUM,YES,YES,AC,3000,20,YES
1082,4,5,5,LOW,YES,YES,AC,4000,20,YES
1083,1,2,1,HIGH,YES,YES,AC,3000,30,NO
1084,1,3,1,MEDIUM,YES,YES,AC,4000,20,YES
1085,1,5,2,HIGH,YES,YES,AC,4000,20,NO
1086,2,4,1,MEDIUM,YES,NO,AC,3000,20,YES
1087,5,3,2,HIGH,NO,NO,NON AC,5000,20,YES
1088,3,4,2,HIGH,YES,YES,NON AC,5000,30,YES
1089,2,5,2,HIGH,YES,NO,NON AC,4000,40,NO
1090,3,5,3,HIGH,YES,YES,NON AC,5000,20,YES
1091,3,3,2,MEDIUM,YES,NO,AC,4000,30,YES
1092,3,3,4,MEDIUM,YES,YES,AC,5000,50,NO
1093,4,4,2,HIGH,YES,YES,AC,5000,40,YES
1094,2,2,1,MEDIUM,NO,YES,NON AC,2000,20,YES
1095,3,3,3,MEDIUM,NO,YES,AC,4000,30,NO
1096,1,2,1,LOW,NO,YES,NON AC,1000,20,YES
1097,2,5,2,HIGH,NO,NO,NON AC,5000,50,YES
1098,4,3,3,MEDIUM,NO,YES,NON AC,3000,30,YES
1099,2,4,4,LOW,NO,YES,NON AC,5000,40,NO
1100,4,3,2,HIGH,YES,NO,NON AC,3000,20,YES
1101,3,4,3,MEDIUM,YES,YES,AC,4000,30,YES
1102,3,3,2,MEDIUM,YES,NO,AC,4000,30,YES
1103,2,4,1,LOW,YES,YES,AC,2000,20,NO
1104,4,5,2,High,YES,NO,NON AC,3000,50,NO
1105,2,3,2,High,YES,NO,NON AC,3000,20,NO
1106,3,5,2,MEDIUM,NO,YES,NON AC,4000,30,NO
1107,1,4,1,LOW,YES,NO,NON AC,3000,50,YES
1108,2,4,2,LOW,NO,NO,AC,2000,40,NO
1109,1,3,1,MEDIUM,NO,YES,AC,3000,30,NO
1110,2,3,2,HIGH,YES,YES,AC,4000,30,YES
1111,2,3,2,HIGH,NO,YES,NON AC,3000,20,YES
1112,4,2,4,MEDIUM,YES,NO,AC,5000,30,NO
1113,3,4,3,MEDIUM,YES,NO,AC,3000,40,YES
1114,2,4,2,HIGH,YES,NO,AC,5000,20,YES
1115,1,2,1,HIGH,NO,NO,NON AC,6000,30,NO
1116,4,1,1,LOW,NO,NO,AC,3000,40,YES
1117,1,3,1,LOW,NO,NO,NON AC,2000,20,YES
1118,3,4,2,MEDIUM,YES,NO,AC,3000,30,YES
1119,4,4,4,MEDIUM,YES,NO,AC,3000,40,YES
1120,1,3,1,MEDIUM,NO,YES,NON AC,2000,20,YES
1121,2,4,2,HIGH,NO,YES,AC,3000,30,NO
1122,4,4,4,HIGH,YES,NO,AC,4000,40,YES
1123,1,4,2,MEDIUM,NO,YES,AC,4000,20,YES
1124,3,1,3,LOW,YES,YES,NON AC,3000,40,NO
1125,2,3,4,HIGH,NO,NO,AC,4000,20,YES
1126,2,4,2,LOW,YES,YES,AC,4000,20,YES
1127,4,3,5,HIGH,NO,NO,AC,1000,40,YES
1128,2,3,3,MEDIUM,YES,YES,AC,5000,20,NO
1129,2,4,4,HIGH,YES,YES,AC,4000,30,YES
1130,4,5,2,LOW,YES,YES,AC,4000,20,NO
1131,2,3,2,LOW,NO,YES,AC,3000,20,NO
1132,4,3,1,HIGH,YES,NO,AC,4000,40,YES
1133,2,5,2,LOW,YES,NO,NON AC,5000,30,NO
1134,3,5,2,HIGH,YES,NO,AC,7000,50,NO
1135,4,3,3,LOW,YES,YES,AC,3500,30,NO
1136,2,4,4,MEDIUM,NO,YES,AC,5500,37,YES
1137,5,3,2,HIGH,YES,YES,NON AC,7000,20,NO
1138,3,4,3,MEDIUM,YES,YES,NON AC,3700,30,YES
1139,3,3,2,HIGH,YES,NO,AC,4200,43,YES
1140,2,4,2,MEDIUM,YES,YES,AC,4000,28,NO
1141,4,5,2,HIGH,YES,YES,AC,3400,52,YES
1142,2,3,2,HIGH,YES,NO,AC,3000,27,YES
1143,3,5,2,HIGH,NO,YES,AC,4200,30,YES
1144,1,4,2,LOW,YES,NO,NON AC,3400,48,NO
1145,2,2,2,LOW,NO,NO,AC,1800,40,YES
1146,1,3,2,MEDIUM,YES,YES,AC,3200,30,YES
1147,3,3,1,MEDIUM,YES,YES,AC,2000,50,NO
1148,3,5,2,HIGH,YES,YES,AC,4000,40,YES
1149,1,2,1,LOW,NO,YES,AC,3000,20,YES
1150,3,3,2,MEDIUM,YES,NO,AC,3000,30,YES
1151,4,3,1,LOW,YES,YES,AC,3000,20,YES
1152,2,4,2,MEDIUM,YES,YES,AC,4000,30,NO
1153,5,3,4,MEDIUM,YES,NO,AC,4000,40,NO
1154,2,3,1,LOW,NO,NO,NON AC,2000,20,YES
1155,3,5,2,HIGH,YES,YES,AC,6000,30,NO
1156,3,4,4,MEDIUM,YES,YES,AC,4000,40,YES
1157,4,2,2,LOW,NO,YES,AC,2000,20,YES
1158,2,5,1,MEDIUM,NO,YES,AC,4000,30,YES
1159,3,3,2,HIGH,YES,NO,AC,5000,50,NO
1160,3,4,1,MEDIUM,NO,NO,AC,2000,30,YES
1161,2,5,1,LOW,YES,YES,AC,4000,50,YES
1162,3,3,2,HIGH,YES,NO,NON AC,5000,60,NO
1163,1,3,1,LOW,NO,YES,AC,3000,20,YES
1164,2,4,2,MEDIUM,YES,YES,AC,5000,30,NO
1165,2,5,4,HIGH,YES,YES,AC,5000,50,NO
1166,1,2,1,LOW,NO,NO,NON AC,2000,20,YES
1167,2,2,2,HIGH,YES,YES,AC,4000,30,YES
1168,1,4,1,MEDIUM,YES,YES,AC,4000,50,YES
1169,3,4,1,HIGH,NO,YES,AC,5000,30,NO
1170,1,2,1,HIGH,NO,YES,NON AC,2000,20,NO
1171,2,5,2,LOW,YES,NO,AC,6000,50,NO
1172,3,3,2,MEDIUM,NO,YES,AC,4000,20,YES
1173,2,3,1,MEDIUM,YES,YES,AC,3000,30,YES
1174,2,4,2,HIGH,YES,YES,AC,5000,20,YES
1175,3,5,2,HIGH,YES,YES,AC,5000,30,YES
1176,4,2,4,HIGH,NO,NO,NON AC,4000,40,YES
1177,3,2,1,LOW,NO,YES,AC,2000,20,YES
1178,2,3,2,LOW,NO,YES,AC,3000,20,YES
1179,5,3,4,HIGH,NO,NO,AC,5000,20,YES
1180,4,4,4,HIGH,YES,NO,AC,5000,30,NO
1181,4,5,2,HIGH,NO,YES,NON AC,2000,20,YES
1182,3,4,4,HIGH,NO,NO,AC,5000,30,YES
1183,3,2,4,MEDIUM,YES,NO,NON AC,4000,40,NO
1184,3,3,4,HIGH,NO,YES,AC,6000,20,NO
1185,2,4,3,LOW,YES,YES,NON AC,3000,30,YES
1186,5,3,4,MEDIUM,YES,YES,AC,4000,30,YES
1187,3,4,4,HIGH,NO,YES,AC,5000,20,YES
1188,2,5,3,MEDIUM,YES,YES,AC,6000,30,NO
1189,1,3,2,LOW,NO,YES,AC,2000,20,YES
1190,3,5,2,MEDIUM,NO,YES,AC,4000,20,NO
1191,4,4,3,LOW,YES,YES,AC,4000,30,YES
1192,5,4,4,LOW,NO,NO,AC,3000,40,NO
1193,3,3,2,LOW,YES,NO,AC,3000,30,YES
1194,4,5,1,MEDIUM,NO,YES,AC,5000,30,NO
1195,5,4,2,HIGH,YES,YES,NON AC,4000,20,YES
1196,4,3,3,MEDIUM,NO,YES,AC,3000,30,NO
1197,3,4,2,MEDIUM,YES,YES,AC,4000,20,YES
1198,2,3,1,LOW,YES,YES,AC,3000,20,NO
1199,3,3,4,HIGH,YES,YES,AC,4000,20,YES
1200,4,3,2,MEDIUM,YES,YES,AC,4000,30,NO
1201,5,3,4,HIGH,YES,YES,AC,3000,40,YES
1202,3,2,1,LOW,NO,YES,NON AC,1000,20,YES
1203,5,4,2,HIGH,YES,YES,AC,3000,30,NO
1204,4,5,2,MEDIUM,YES,NO,AC,4000,50,YES
1205,1,3,2,MEDIUM,YES,YES,YES,2000,20,NO
1206,2,4,1,LOW,NO,YES,NO,2000,20,NO
1207,4,3,2,HIGH,YES,YES,YES,4000,20,YES
1208,3,3,1,MEDIUM,NO,YES,AC,2000,20,YES
1209,3,4,2,LOW,NO,YES,AC,3000,20,NO
1210,2,4,4,HIGH,YES,YES,AC,4000,30,YES
1211,4,5,2,LOW,YES,YES,AC,4000,20,NO
